{"cameraMode":{"drawMode":0,"name":"Shaded","section":"Shading Mode"},"sceneLighting":false,"audioPlay":false,"sceneViewState":{"showFog":true,"showMaterialUpdate":false,"showSkybox":true,"showFlares":true,"showImageEffects":true,"showParticleSystems":true},"in2DMode":false,"pivot":{"x":24.318359375,"y":1.0270767211914063,"z":-45.5546875},"rotation":{"x":-0.0003018378629349172,"y":0.22368837893009187,"z":-0.00006952921103220433,"w":-0.9746606945991516},"size":2.8578836917877199,"orthographic":true}