{"cameraMode":{"drawMode":0,"name":"Shaded","section":"Shading Mode"},"sceneLighting":true,"audioPlay":false,"sceneViewState":{"showFog":true,"showMaterialUpdate":false,"showSkybox":true,"showFlares":true,"showImageEffects":true,"showParticleSystems":true},"in2DMode":false,"pivot":{"x":210.6999969482422,"y":343.3500061035156,"z":0.0},"rotation":{"x":-0.0003018378629349172,"y":0.22368837893009187,"z":-0.00006952921103220433,"w":-0.9746606945991516},"size":553.88720703125,"orthographic":true}